snp1,snp2,LODi,LODa,LODf,perm_value
3179594_chr05_287672_G_A,356903_chr02_126695_G_T,1.16576921742,16.1648175085,17.330586726,0.273
5674416_chr09_281887_A_G,10202696_chr15_171150_T_C,0.96033023045,13.9520437657,14.9123739961,0.4307
9734073_chr14_486860_T_A,10202696_chr15_171150_T_C,1.64118553094,76.1656567927,77.8068423236,0.0883
