snp1,snp2,LODi,LODa,LODf,perm_value
9735032_chr14_487819_C_T,9140084_chr13_817300_C_A,2.14650250335,55.9073054488,58.0538079522,0.0172
