snp1,snp2,LODi,LODa,LODf,perm_value
10225457_chr15_193911_C_T,7904380_chr12_659771_C_T,1.42131600367,21.0718195646,22.4931355683,0.4514
8583962_chr13_261178_G_A,194469_chr01_194469_C_T,2.17830278946,88.6911508491,90.8694536386,0.0827
8583962_chr13_261178_G_A,6465891_chr10_633477_T_C,1.5578955331,83.4757961122,85.0336916453,0.3455
8583962_chr13_261178_G_A,5643011_chr09_250482_T_G,2.52503308936,85.5022116079,88.0272446973,0.0381
9623528_chr14_376315_C_T,8583962_chr13_261178_G_A,1.5916933397,87.6482211381,89.2399144778,0.3208
