snp1,snp2,LODi,LODa,LODf,perm_value
7451949_chr12_207340_G_T,9714243_chr14_467030_A_G,3.35085304303,111.920320159,115.271173202,0.0006
10674753_chr15_643207_C_T,7451949_chr12_207340_G_T,2.78241834323,90.1299415133,92.9123598565,0.0048
11016402_chr15_984856_T_C,7451949_chr12_207340_G_T,1.35063387371,77.3550603378,78.7056942115,0.1755
