snp1,snp2,LODi,LODa,LODf,perm_value
1887446_chr04_527443_T_C,10181657_chr15_150111_G_A,2.551872459,101.951077659,104.502950118,0.0377
