snp1,snp2,LODi,LODa,LODf,perm_value
10211396_chr15_179850_A_G,9714243_chr14_467030_A_G,5.91810328364,83.8467148085,89.7648180921,0.0
7991969_chr12_747360_C_T,9714243_chr14_467030_A_G,1.64452300174,59.0838785948,60.7284015965,0.0857
