snp1,snp2,LODi,LODa,LODf,perm_value
8369542_chr13_46758_C_T,9615398_chr14_368185_C_T,7.69819701325,46.2457339136,53.9439309268,0.0
8369542_chr13_46758_C_T,1887320_chr04_527317_C_G,1.85544027773,54.6695296292,56.524969907,0.0986
8369542_chr13_46758_C_T,7924418_chr12_679809_G_A,1.622981226,45.2301005391,46.8530817651,0.1665
