snp1,snp2,LODi,LODa,LODf,perm_value
476087_chr02_245879_G_A,10189620_chr15_158074_T_C,1.2915436734,56.6063706824,57.8979143558,0.3347
476087_chr02_245879_G_A,4945858_chr08_115972_A_T,2.1780830205,52.3185354528,54.4966184733,0.0429
