snp1,snp2,LODi,LODa,LODf,perm_value
10203291_chr15_171745_C_T,9551337_chr14_304124_G_A,1.40248846768,37.0306005889,38.4330890566,0.1562
10203291_chr15_171745_C_T,10517329_chr15_485783_G_A,4.37306750239,35.3317743764,39.7048418788,0.0001
10203291_chr15_171745_C_T,7924418_chr12_679809_G_A,0.958532489305,34.0065518666,34.9650843559,0.4254
