snp1,snp2,LODi,LODa,LODf,perm_value
9623528_chr14_376315_C_T,10517329_chr15_485783_G_A,0.63143821642,35.117482698,35.7489209144,0.244
