snp1,snp2,LODi,LODa,LODf,perm_value
1235314_chr03_191928_C_T,8732386_chr13_409602_T_C,0.938711205378,14.3194632277,15.2581744331,0.3281
1235314_chr03_191928_C_T,2375754_chr04_1015751_C_G,3.18739916766,22.3383776743,25.5257768419,0.0008
4928366_chr08_98480_A_T,8732386_chr13_409602_T_C,1.06478094923,26.8186924041,27.8834733533,0.2436
4928366_chr08_98480_A_T,2375754_chr04_1015751_C_G,10.2390725387,36.8350786025,47.0741511412,0.0
4928366_chr08_98480_A_T,1235314_chr03_191928_C_T,11.5022872329,32.9527475193,44.4550347522,0.0
9632917_chr14_385704_A_T,1235314_chr03_191928_C_T,0.923271714651,40.3027850946,41.2260568092,0.3382
9632917_chr14_385704_A_T,4928366_chr08_98480_A_T,0.761123186139,52.4149619488,53.176085135,0.4777
