snp1,snp2,LODi,LODa,LODf,perm_value
7222584_chr11_644429_T_C,4813093_chr07_1074154_G_C,113.097259411,204.540938435,317.638197847,0.0
