snp1,snp2,LODi,LODa,LODf,perm_value
5944313_chr10_111899_C_T,8368585_chr13_45801_T_C,1.56833219308,16.2579452951,17.8262774882,0.375
2735257_chr04_1375254_C_T,6490114_chr10_657700_C_T,1.72705274841,51.6459708569,53.3730236053,0.2738
