snp1,snp2,LODi,LODa,LODf,perm_value
9713803_chr14_466590_T_G,1841075_chr04_481072_C_G,1.16800342738,83.4999149149,84.6679183423,0.1225
7936771_chr12_692162_C_T,9713803_chr14_466590_T_G,1.35411873675,92.0204208049,93.3745395417,0.079
10211396_chr15_179850_A_G,1841075_chr04_481072_C_G,0.729848767104,16.6006801731,17.3305289402,0.3455
10211396_chr15_179850_A_G,9713803_chr14_466590_T_G,1.52611719935,91.7231755818,93.2492927812,0.0516
10211396_chr15_179850_A_G,7936771_chr12_692162_C_T,1.51100059479,23.287330991,24.7983315858,0.0531
