snp1,snp2,LODi,LODa,LODf,perm_value
1138913_chr03_95527_T_C,193254_chr01_193254_T_C,1.28967055596,13.3400364324,14.6297069884,0.2638
