snp1,snp2,LODi,LODa,LODf,perm_value
7815397_chr12_570788_T_C,8374142_chr13_51358_G_T,2.02325351854,31.6185392217,33.6417927403,0.1413
