snp1,snp2,LODi,LODa,LODf,perm_value
11729218_chr16_606383_C_T,10261611_chr15_230065_C_T,1.62571616791,19.5125160545,21.1382322225,0.0574
1823264_chr04_463261_C_A,10261611_chr15_230065_C_T,1.28777838689,38.1512510293,39.4390294161,0.1404
11331581_chr16_208746_G_A,10261611_chr15_230065_C_T,1.11647791313,21.0731639006,22.1896418137,0.2133
