snp1,snp2,LODi,LODa,LODf,perm_value
7893869_chr12_649260_C_T,10188393_chr15_156847_T_C,4.22181240483,30.8028357403,35.0246481451,0.0002
3926477_chr07_187538_T_A,10188393_chr15_156847_T_C,12.4341899418,74.0516339771,86.4858239189,0.0
3926477_chr07_187538_T_A,7893869_chr12_649260_C_T,4.12134934678,62.0440465127,66.1653958594,0.0002
690404_chr02_460196_A_G,10188393_chr15_156847_T_C,1.60529761536,23.9874398504,25.5927374657,0.0893
690404_chr02_460196_A_G,3926477_chr07_187538_T_A,3.04549821149,55.1746075324,58.2201057439,0.0022
4566135_chr07_827196_T_C,10188393_chr15_156847_T_C,2.35534153118,26.9469704527,29.3023119838,0.0136
4566135_chr07_827196_T_C,3926477_chr07_187538_T_A,3.46965431594,59.8356112827,63.3052655986,0.0007
8543509_chr13_220725_A_G,3926477_chr07_187538_T_A,2.24221463954,54.5609032509,56.8031178904,0.0181
