snp1,snp2,LODi,LODa,LODf,perm_value
5071950_chr08_242064_C_T,10586998_chr15_555452_A_G,1.2799998203,22.6156182594,23.8956180796,0.0893
