snp1,snp2,LODi,LODa,LODf,perm_value
9734464_chr14_487251_G_C,4931376_chr08_101490_G_A,3.72043833953,27.6454266899,31.3658650294,0.0011
2357624_chr04_997621_A_G,4931376_chr08_101490_G_A,7.34645760078,27.6767933761,35.0232509768,0.0
2357624_chr04_997621_A_G,9734464_chr14_487251_G_C,3.04364557166,10.8874239002,13.9310694719,0.0048
1239713_chr03_196327_C_T,10194799_chr15_163253_T_C,1.16699292838,12.3217258839,13.4887188123,0.454
1239713_chr03_196327_C_T,4931376_chr08_101490_G_A,1.85011217065,25.8257934052,27.6759055759,0.0956
