snp1,snp2,LODi,LODa,LODf,perm_value
4945858_chr08_115972_A_T,10189620_chr15_158074_T_C,1.5141223751,41.0043643299,42.518486705,0.2594
4945858_chr08_115972_A_T,7894448_chr12_649839_A_G,1.35666563011,44.0322154007,45.3888810308,0.3614
4945858_chr08_115972_A_T,9020685_chr13_697901_C_T,1.69680792494,36.8470661822,38.5438741071,0.1749
8369542_chr13_46758_C_T,5940499_chr10_108085_A_G,1.29919652165,21.6400441513,22.9392406729,0.4071
8369542_chr13_46758_C_T,7894448_chr12_649839_A_G,1.35877795149,25.120356317,26.4791342685,0.3597
