snp1,snp2,LODi,LODa,LODf,perm_value
9680363_chr14_433150_G_A,5038446_chr08_208560_C_T,2.18190331272,31.9495003044,34.1314036171,0.0412
9680363_chr14_433150_G_A,7193142_chr11_614987_G_C,2.38608555197,16.2634498029,18.6495353549,0.0261
8375710_chr13_52926_C_A,5038446_chr08_208560_C_T,5.18503508216,51.6176038665,56.8026389487,0.0
8375710_chr13_52926_C_A,7193142_chr11_614987_G_C,1.4668585603,33.2201567054,34.6870152657,0.2337
8375710_chr13_52926_C_A,9680363_chr14_433150_G_A,2.460958687,35.0993520346,37.5603107216,0.0218
7918497_chr12_673888_G_A,5038446_chr08_208560_C_T,4.05332972908,30.9659020574,35.0192317865,0.0005
7918497_chr12_673888_G_A,9680363_chr14_433150_G_A,1.513013822,17.7569657487,19.2699795707,0.2109
7918497_chr12_673888_G_A,8375710_chr13_52926_C_A,2.03796323642,34.8821208825,36.9200841189,0.0614
5479115_chr09_86586_T_G,5038446_chr08_208560_C_T,3.4116292691,27.4528806709,30.86450994,0.002
