snp1,snp2,LODi,LODa,LODf,perm_value
9141801_chr13_819017_C_T,9735032_chr14_487819_C_T,1.88023398863,52.2403432747,54.1205772634,0.0323
9896123_chr14_648910_T_C,9735032_chr14_487819_C_T,0.0634420099776,15.9244821367,15.9879241467,0.9998
9896123_chr14_648910_T_C,9141801_chr13_819017_C_T,1.56971393789,31.7723539784,33.3420679163,0.0685
378383_chr02_148175_C_T,9735032_chr14_487819_C_T,0.0734557493664,32.5907967637,32.6642525131,0.9998
378383_chr02_148175_C_T,9141801_chr13_819017_C_T,1.56897897306,48.3616371615,49.9306161346,0.0685
378383_chr02_148175_C_T,9896123_chr14_648910_T_C,1.96966668902,15.7451230692,17.7147897583,0.0254
6959379_chr11_381224_T_A,9735032_chr14_487819_C_T,1.11685709066,19.1007559305,20.2176130211,0.211
6959379_chr11_381224_T_A,9141801_chr13_819017_C_T,0.420599475656,33.8658936622,34.2864931379,0.8258
6959379_chr11_381224_T_A,9896123_chr14_648910_T_C,0.168679955882,3.57932864154,3.74800859742,0.9897
6959379_chr11_381224_T_A,378383_chr02_148175_C_T,2.59877715764,16.7635809614,19.3623581191,0.0052
