snp1,snp2,LODi,LODa,LODf,perm_value
4200819_chr07_461880_G_A,5557565_chr09_165036_C_G,0.57210945446,0.32069502229,0.89280447675,0.9996
9756794_chr14_509581_G_T,5790942_chr09_398413_C_T,1.21859927957,3.10160415607,4.32020343564,0.7429
9756794_chr14_509581_G_T,8021786_chr12_777177_T_C,0.625169667574,10.2948928119,10.9200624795,0.9992
4336194_chr07_597255_T_C,5557565_chr09_165036_C_G,0.802342163444,0.621199320236,1.42354148368,0.9848
4336194_chr07_597255_T_C,5790942_chr09_398413_C_T,0.56245248622,0.530089327224,1.09254181344,0.9996
4336194_chr07_597255_T_C,890392_chr02_660184_A_G,0.562832010022,2.40983209606,2.97266410608,0.9996
9861974_chr14_614761_T_A,8021786_chr12_777177_T_C,0.586665759025,7.8093473346,8.39601309362,0.9995
4095867_chr07_356928_A_G,5790942_chr09_398413_C_T,0.6158822416,0.125876195824,0.741758437425,0.9992
2504482_chr04_1144479_C_T,9756794_chr14_509581_G_T,1.54895286895,3.60555828217,5.15451115113,0.4391
