snp1,snp2,LODi,LODa,LODf,perm_value
611116_chr02_380908_T_C,7356434_chr12_111825_T_C,0.72284884997,0.95385032769,1.67669917766,0.9941
8124562_chr12_879953_G_A,611116_chr02_380908_T_C,2.64968768371,1.76884028564,4.41852796936,0.0388
1690291_chr04_330288_C_T,7356434_chr12_111825_T_C,0.650257559435,1.78815010914,2.43840766857,0.998
3175344_chr05_283422_T_C,504822_chr02_274614_C_T,1.25478269308,2.60205028261,3.85683297569,0.7082
7921743_chr12_677134_C_T,7356434_chr12_111825_T_C,0.634544599934,5.42768015068,6.06222475061,0.9987
12043009_chr16_920174_G_C,504822_chr02_274614_C_T,0.984727355893,0.329111858252,1.31383921414,0.9162
8202615_chr12_958006_A_G,611116_chr02_380908_T_C,1.40939128588,0.46315849791,1.87254978379,0.5693
8202615_chr12_958006_A_G,1690291_chr04_330288_C_T,0.730243283577,1.37783896156,2.10808224514,0.9936
9735032_chr14_487819_C_T,8124562_chr12_879953_G_A,0.561514165116,1.32522714486,1.88674130998,0.9997
9735032_chr14_487819_C_T,8202615_chr12_958006_A_G,1.4240946035,0.0632182131542,1.48731281665,0.5557
10174154_chr15_142608_C_A,8124562_chr12_879953_G_A,1.63775174917,23.9869101054,25.6246618546,0.3756
10174154_chr15_142608_C_A,8202615_chr12_958006_A_G,1.90131096656,22.0349900705,23.9363010371,0.215
