snp1,snp2,LODi,LODa,LODf,perm_value
10204886_chr15_173340_A_C,7990647_chr12_746038_G_A,0.823266630529,21.5325806034,22.355847234,0.6683
10204886_chr15_173340_A_C,7901502_chr12_656893_G_A,4.60920987627,77.3729624446,81.9821723209,0.0
9772433_chr14_525220_A_G,7901502_chr12_656893_G_A,0.428291200454,73.2424780583,73.6707692587,0.9718
9772433_chr14_525220_A_G,10204886_chr15_173340_A_C,0.328029658335,3.42535192403,3.75338158236,0.9955
6474510_chr10_642096_A_T,7901502_chr12_656893_G_A,1.01924138871,77.2545931586,78.2738345473,0.4726
6474510_chr10_642096_A_T,9772433_chr14_525220_A_G,0.660873873542,5.99098546041,6.65185933395,0.8264
6192267_chr10_359853_G_T,7901502_chr12_656893_G_A,2.09371171688,74.5639523562,76.657664073,0.0382
6192267_chr10_359853_G_T,9772433_chr14_525220_A_G,0.207389256596,2.45632529774,2.66371455434,0.9998
6192267_chr10_359853_G_T,6474510_chr10_642096_A_T,1.11029597012,6.09701007713,7.20730604725,0.3934
4248838_chr07_509899_T_G,7990647_chr12_746038_G_A,0.343164139652,23.7666562108,24.1098203504,0.9942
4248838_chr07_509899_T_G,7901502_chr12_656893_G_A,0.414775959568,75.3699800701,75.7847560297,0.9768
4248838_chr07_509899_T_G,10204886_chr15_173340_A_C,0.886809330321,7.39554063793,8.28234996825,0.6026
4248838_chr07_509899_T_G,6474510_chr10_642096_A_T,0.319715951742,9.31739958643,9.63711553817,0.9964
4248838_chr07_509899_T_G,6192267_chr10_359853_G_T,0.629623731103,5.91636040063,6.54598413173,0.8529
