snp1,snp2,LODi,LODa,LODf,perm_value
6296548_chr10_464134_T_C,8584039_chr13_261255_A_G,0.760751090984,18.219104257,18.979855348,0.9993
11498025_chr16_375190_A_T,8425338_chr13_102554_C_T,0.654524144495,21.0650055544,21.7195296989,0.9998
11498025_chr16_375190_A_T,6781921_chr11_203766_C_T,1.01063914724,13.3692736006,14.3799127478,0.9768
4926536_chr08_96650_T_A,6296548_chr10_464134_T_C,0.965820338071,14.2146881861,15.1805085242,0.9853
4926536_chr08_96650_T_A,4013393_chr07_274454_A_C,1.46713094194,16.4047035963,17.8718345383,0.6931
6716623_chr11_138468_G_A,11498025_chr16_375190_A_T,0.875233024523,10.5905527673,11.4657857919,0.9951
5283420_chr08_453534_C_T,4926536_chr08_96650_T_A,0.802622582374,15.3096581312,16.1122807136,0.9983
4137514_chr07_398575_G_A,8425338_chr13_102554_C_T,1.18782347248,26.5900596798,27.7778831523,0.9071
4137514_chr07_398575_G_A,4926536_chr08_96650_T_A,0.794885568308,27.8262578223,28.6211433906,0.9984
8543509_chr13_220725_A_G,9947381_chr14_700168_C_T,0.625365793804,16.635132953,17.2604987468,0.9999
856658_chr02_626450_G_A,11498025_chr16_375190_A_T,0.933882140258,15.7970203372,16.7309024774,0.9897
856658_chr02_626450_G_A,9947381_chr14_700168_C_T,1.2074033944,8.28915182776,9.49655522216,0.8953
856658_chr02_626450_G_A,793730_chr02_563522_T_C,0.942047961706,10.2144120731,11.1564600348,0.9883
52940_chr01_52940_C_T,8584039_chr13_261255_A_G,1.10501420201,20.7717604017,21.8767746037,0.9469
52940_chr01_52940_C_T,6781921_chr11_203766_C_T,1.21972382204,6.53186694516,7.7515907672,0.8881
52940_chr01_52940_C_T,8543509_chr13_220725_A_G,1.51024121505,18.4661623241,19.9764035392,0.6539
52940_chr01_52940_C_T,793730_chr02_563522_T_C,0.831072637993,11.833168362,12.664241,0.9978
52940_chr01_52940_C_T,856658_chr02_626450_G_A,0.665168733935,9.87514570146,10.5403144354,0.9998
