snp1,snp2,LODi,LODa,LODf,perm_value
9760457_chr14_513244_T_C,6042754_chr10_210340_C_A,0.20730272708,3.7857434496,3.99304617668,0.9964
5884450_chr10_52036_C_A,6042754_chr10_210340_C_A,0.277215413339,0.127012078295,0.404227491634,0.9847
5884450_chr10_52036_C_A,9760457_chr14_513244_T_C,0.118778639578,3.65589393923,3.77467257881,0.9999
5973786_chr10_141372_T_C,6042754_chr10_210340_C_A,0.24632368879,0.143356165011,0.389679853801,0.9912
5973786_chr10_141372_T_C,5884450_chr10_52036_C_A,0.724396800999,0.077080297781,0.80147709878,0.6367
2308413_chr04_948410_A_G,6042754_chr10_210340_C_A,0.851439194386,1.17805114911,2.0294903435,0.5048
2308413_chr04_948410_A_G,9760457_chr14_513244_T_C,0.124322948306,4.79057573233,4.91489868063,0.9999
2308413_chr04_948410_A_G,5884450_chr10_52036_C_A,0.428528468192,1.08264175293,1.51117022112,0.9165
2308413_chr04_948410_A_G,5973786_chr10_141372_T_C,0.237764857163,1.16192567233,1.39969052949,0.9922
8720515_chr13_397731_T_C,6042754_chr10_210340_C_A,0.136309370833,0.12681879355,0.263128164383,0.9999
8720515_chr13_397731_T_C,9760457_chr14_513244_T_C,0.134544692481,3.64995769343,3.78450238591,0.9999
8720515_chr13_397731_T_C,5884450_chr10_52036_C_A,0.35721883828,0.0107142051568,0.367933043437,0.9558
8720515_chr13_397731_T_C,5973786_chr10_141372_T_C,0.163320848158,0.07841993699,0.241740785148,0.9995
