snp1,snp2,LODi,LODa,LODf,perm_value
9615398_chr14_368185_C_T,7947967_chr12_703358_C_A,0.53657720952,58.1575168657,58.6940940752,0.9579
7871033_chr12_626424_T_A,7947967_chr12_703358_C_A,0.259935899767,9.86522952103,10.1251654208,0.9997
7871033_chr12_626424_T_A,9615398_chr14_368185_C_T,0.874395773944,54.6486865178,55.5230822918,0.7042
11638328_chr16_515493_C_G,7871033_chr12_626424_T_A,0.254850485617,6.61903060469,6.87388109031,0.9999
3954853_chr07_215914_C_T,7947967_chr12_703358_C_A,0.950218221469,9.15182060225,10.1020388237,0.6295
3954853_chr07_215914_C_T,9615398_chr14_368185_C_T,2.54755397883,47.9718324577,50.5193864365,0.0164
9720862_chr14_473649_T_C,7947967_chr12_703358_C_A,2.50119018177,85.8871056842,88.3882958659,0.0186
9720862_chr14_473649_T_C,9615398_chr14_368185_C_T,1.02765547067,102.551310109,103.578965579,0.5571
9720862_chr14_473649_T_C,7871033_chr12_626424_T_A,1.33611865906,84.1024258815,85.4385445405,0.3054
9720862_chr14_473649_T_C,11638328_chr16_515493_C_G,1.721451497,76.1412396526,77.8626911496,0.1263
9720862_chr14_473649_T_C,3954853_chr07_215914_C_T,2.07336715717,75.9436463635,78.0170135207,0.0562
5106991_chr08_277105_G_A,9615398_chr14_368185_C_T,0.284164960214,48.0287411511,48.3129061113,0.9995
5106991_chr08_277105_G_A,9720862_chr14_473649_T_C,0.464316019739,75.908766816,76.3730828357,0.9823
11458101_chr16_335266_C_T,7947967_chr12_703358_C_A,0.857630294009,10.5655687211,11.4231990151,0.7223
11458101_chr16_335266_C_T,7871033_chr12_626424_T_A,0.958398866867,8.13242307346,9.09082194033,0.6201
11458101_chr16_335266_C_T,11638328_chr16_515493_C_G,0.362328521167,1.67277747039,2.03510599156,0.9953
11458101_chr16_335266_C_T,3954853_chr07_215914_C_T,1.59346276855,1.61538234709,3.20884511564,0.1711
11458101_chr16_335266_C_T,9720862_chr14_473649_T_C,1.14043846501,77.1294724317,78.2699108967,0.4571
11458101_chr16_335266_C_T,5106991_chr08_277105_G_A,1.07432834758,1.61721855382,2.69154690141,0.5171
