snp1,snp2,LODi,LODa,LODf,perm_value
8423478_chr13_100694_T_C,7815397_chr12_570788_T_C,1.450462012,29.20072075,30.65118276,0.2904
9788960_chr14_541747_G_A,10493631_chr15_462085_T_C,0.701593425,20.77182801,21.47342144,0.934
8117763_chr12_873154_C_A,8423478_chr13_100694_T_C,0.678804874,12.89760214,13.57640701,0.9455
8117763_chr12_873154_C_A,10493631_chr15_462085_T_C,0.38460157,18.0964843,18.48108587,0.9995
8117763_chr12_873154_C_A,9788960_chr14_541747_G_A,0.882569994,9.234965613,10.11753561,0.8052
55146_chr01_55146_C_T,8117763_chr12_873154_C_A,0.783037787,11.73103362,12.51407141,0.8824
7025344_chr11_447189_T_C,9019869_chr13_697085_C_T,0.301355312,6.49056736,6.791922671,0.9999
7025344_chr11_447189_T_C,7815397_chr12_570788_T_C,0.380938796,18.29795023,18.67888903,0.9995
7025344_chr11_447189_T_C,8423478_chr13_100694_T_C,0.565725404,9.611448399,10.1771738,0.9838
7025344_chr11_447189_T_C,10493631_chr15_462085_T_C,1.116906114,15.36833151,16.48523762,0.5705
7025344_chr11_447189_T_C,55146_chr01_55146_C_T,0.517800181,9.165487949,9.68328813,0.9911
9192096_chr13_869312_A_G,7815397_chr12_570788_T_C,0.430250373,28.20733823,28.6375886,0.9987
9192096_chr13_869312_A_G,8117763_chr12_873154_C_A,0.477010775,11.88858705,12.36559783,0.9955
9192096_chr13_869312_A_G,55146_chr01_55146_C_T,0.421606518,17.12767321,17.54927973,0.9989
