snp1,snp2,LODi,LODa,LODf,perm_value
6930145_chr11_351990_T_A,7566652_chr12_322043_C_T,0.926394172315,0.273154833265,1.19954900558,0.2148
9956532_chr14_709319_C_T,7566652_chr12_322043_C_T,0.0453305214048,0.0332102274383,0.0785407488431,0.9981
9956532_chr14_709319_C_T,6930145_chr11_351990_T_A,0.188071001228,0.249387346044,0.437458347272,0.9289
8630199_chr13_307415_T_C,7566652_chr12_322043_C_T,0.214926929954,0.0826706329223,0.297597562876,0.9067
8630199_chr13_307415_T_C,6930145_chr11_351990_T_A,0.4895476927,0.29539061073,0.78493830343,0.5916
8630199_chr13_307415_T_C,9956532_chr14_709319_C_T,0.169877771314,0.050114998526,0.21999276984,0.9426
