snp1,snp2,LODi,LODa,LODf,perm_value
2339983_chr04_979980_A_G,9713803_chr14_466590_T_G,5.1552601834,9.91247424165,15.0677344251,0.0
10375467_chr15_343921_A_G,9713803_chr14_466590_T_G,0.7963148723,6.41535379314,7.21166866544,0.7854
10375467_chr15_343921_A_G,2339983_chr04_979980_A_G,0.562065700115,6.47003914907,7.03210484919,0.9552
4909394_chr08_79508_T_C,9713803_chr14_466590_T_G,5.27594929849,22.7556417036,28.0315910021,0.0
4909394_chr08_79508_T_C,10478910_chr15_447364_T_C,0.497246743136,17.2918413569,17.7890881,0.9769
4909394_chr08_79508_T_C,2339983_chr04_979980_A_G,7.6364509559,22.7726971564,30.4091481123,0.0
4909394_chr08_79508_T_C,10375467_chr15_343921_A_G,1.14463601554,18.5749037625,19.719539778,0.4445
3656550_chr06_187759_G_A,9713803_chr14_466590_T_G,0.281681474196,6.12179127517,6.40347274936,0.9997
3656550_chr06_187759_G_A,2339983_chr04_979980_A_G,0.968231974966,6.14001614531,7.10824812028,0.6109
9875845_chr14_628632_G_C,4909394_chr08_79508_T_C,0.80735425309,18.6529634346,19.4603176877,0.7746
9875845_chr14_628632_G_C,3656550_chr06_187759_G_A,0.714659619441,2.54858365995,3.26324327939,0.8577
7354315_chr12_109706_T_A,9713803_chr14_466590_T_G,0.3789200323,5.63973672712,6.01865675942,0.9967
7354315_chr12_109706_T_A,2339983_chr04_979980_A_G,0.709928958198,5.60248861982,6.31241757802,0.8614
7354315_chr12_109706_T_A,4909394_chr08_79508_T_C,0.979599923988,18.0896486533,19.0692485773,0.5997
7354315_chr12_109706_T_A,3656550_chr06_187759_G_A,0.684725154968,2.40252568024,3.08725083521,0.8801
7354315_chr12_109706_T_A,9875845_chr14_628632_G_C,0.454927772164,2.13186490099,2.58679267315,0.9865
