snp1,snp2,LODi,LODa,LODf,perm_value
8792446_chr13_469662_A_G,6629628_chr11_51473_T_C,0.182231190065,0.954306104848,1.13653729491,0.9997
8792446_chr13_469662_A_G,8146939_chr12_902330_T_C,0.563417345453,1.33310562502,1.89652297047,0.8869
7522214_chr12_277605_A_T,6629628_chr11_51473_T_C,0.194466473829,4.28047049471,4.47493696854,0.9997
7522214_chr12_277605_A_T,8792446_chr13_469662_A_G,0.3000127912,3.97127142982,4.27128422102,0.9966
5528517_chr09_135988_G_C,8146939_chr12_902330_T_C,0.155114602597,1.59860296591,1.75371756851,0.9999
8832874_chr13_510090_G_A,6629628_chr11_51473_T_C,0.469733415015,0.922676456876,1.39240987189,0.9459
8832874_chr13_510090_G_A,7522214_chr12_277605_A_T,0.263071574861,3.87646103699,4.13953261185,0.9987
2270688_chr04_910685_T_C,6629628_chr11_51473_T_C,0.229877775353,0.725202271173,0.955080046526,0.9993
2270688_chr04_910685_T_C,7522214_chr12_277605_A_T,0.423588662358,3.65095822599,4.07454688835,0.9689
