snp1,snp2,LODi,LODa,LODf,perm_value
9754134_chr14_506921_G_A,3397115_chr05_505193_G_A,0.160839796823,2.46472565694,2.62556545377,0.9937
9754134_chr14_506921_G_A,4118685_chr07_379746_A_G,1.08019018004,2.95530207209,4.03549225213,0.2362
11690862_chr16_568027_C_T,3397115_chr05_505193_G_A,0.306385011581,0.987886442953,1.29427145453,0.9354
11690862_chr16_568027_C_T,4118685_chr07_379746_A_G,0.724625665792,1.48096693845,2.20559260425,0.5099
11690862_chr16_568027_C_T,9754134_chr14_506921_G_A,0.149453645092,3.28004889848,3.42950254357,0.995
5546621_chr09_154092_G_A,3397115_chr05_505193_G_A,0.074648116023,0.495174449092,0.569822565115,0.9997
5546621_chr09_154092_G_A,9754134_chr14_506921_G_A,0.152583016288,2.64802880354,2.80061181983,0.9946
5546621_chr09_154092_G_A,11690862_chr16_568027_C_T,0.188416525879,1.34042327255,1.52883979843,0.9876
