snp1,snp2,LODi,LODa,LODf,perm_value
10415073_chr15_383527_A_T,3163055_chr05_271133_T_A,1.13880688128,22.4435810388,23.58238792,0.6989
10415073_chr15_383527_A_T,10616735_chr15_585189_A_G,1.70829560657,24.0739238489,25.7822194555,0.2468
10415073_chr15_383527_A_T,8026611_chr12_782002_A_G,1.17762049652,31.853600951,33.0312214475,0.6584
9798122_chr14_550909_G_C,4133834_chr07_394895_C_A,0.416254860103,2.70438371651,3.12063857661,0.9999
9798122_chr14_550909_G_C,8026611_chr12_782002_A_G,0.596951183343,12.5077554656,13.104706649,0.9956
10171766_chr15_140220_T_C,2812191_chr04_1452188_A_G,1.37362802628,37.1837957701,38.5574237964,0.4795
10171766_chr15_140220_T_C,3163055_chr05_271133_T_A,0.422962814342,36.3849479135,36.8079107279,0.9998
10171766_chr15_140220_T_C,10616735_chr15_585189_A_G,2.34158188644,39.6039827715,41.945564658,0.0571
10171766_chr15_140220_T_C,8026611_chr12_782002_A_G,0.507760115084,47.4009841149,47.90874423,0.9993
10171766_chr15_140220_T_C,10415073_chr15_383527_A_T,0.909813608254,60.7927328192,61.7025464274,0.8944
10171766_chr15_140220_T_C,5079724_chr08_249838_A_G,0.498744725113,38.1882240752,38.6869688003,0.9993
10171766_chr15_140220_T_C,9798122_chr14_550909_G_C,0.656059635295,38.4035316266,39.0595912619,0.9899
7503538_chr12_258929_G_A,10171766_chr15_140220_T_C,1.44745969255,36.3341997935,37.781659486,0.4154
4075399_chr07_336460_T_A,8026611_chr12_782002_A_G,0.670541852702,10.0587793868,10.7293212395,0.9884
4075399_chr07_336460_T_A,10171766_chr15_140220_T_C,0.803856446222,36.1583107374,36.9621671837,0.9507
