snp1,snp2,LODi,LODa,LODf,perm_value
504822_chr02_274614_C_T,7544344_chr12_299735_G_A,0.0457809041583,1.46003998708,1.50582089124,0.996
504822_chr02_274614_C_T,422802_chr02_192594_C_T,0.46269518996,1.74583442009,2.20852961005,0.5511
373509_chr02_143301_A_T,7544344_chr12_299735_G_A,0.0654742764543,1.82772069363,1.89319497009,0.9897
373509_chr02_143301_A_T,422802_chr02_192594_C_T,0.303542213502,1.76157838205,2.06512059555,0.7485
373509_chr02_143301_A_T,504822_chr02_274614_C_T,0.164676339934,1.04304331327,1.20771965321,0.9176
