snp1,snp2,LODi,LODa,LODf,perm_value
10190451_chr15_158905_G_T,4648513_chr07_909574_A_G,0.314715313195,1.92141641528,2.23613172847,0.9272
1989533_chr04_629530_G_C,4648513_chr07_909574_A_G,0.0293144149005,1.75084893382,1.78016334872,0.9999
1989533_chr04_629530_G_C,10190451_chr15_158905_G_T,0.820090254176,0.530293260468,1.35038351464,0.4151
9780496_chr14_533283_A_G,1989533_chr04_629530_G_C,0.0558095469728,0.305015865499,0.360825412472,0.9999
185103_chr01_185103_G_A,4648513_chr07_909574_A_G,0.0556959730968,2.51598318978,2.57167916287,0.9999
185103_chr01_185103_G_A,10190451_chr15_158905_G_T,1.32856125382,1.36906362713,2.69762488094,0.1228
185103_chr01_185103_G_A,1989533_chr04_629530_G_C,0.858770154125,1.15132158191,2.01009173603,0.3836
