snp1,snp2,LODi,LODa,LODf,perm_value
7629434_chr12_384825_T_C,9505804_chr14_258591_G_C,0.651396773152,5.28213297551,5.93352974866,0.0852
