snp1,snp2,LODi,LODa,LODf,perm_value
392907_chr02_162699_A_G,4927418_chr08_97532_T_C,0.717559029337,15.9006378179,16.6181968472,0.8249
11595615_chr16_472780_A_T,10601237_chr15_569691_G_A,0.322228278646,0.403399594541,0.725627873187,0.998
11595615_chr16_472780_A_T,4927418_chr08_97532_T_C,0.316849692939,8.54726349215,8.86411318509,0.998
11595615_chr16_472780_A_T,392907_chr02_162699_A_G,0.601456296177,7.38158493815,7.98304123433,0.9135
436491_chr02_206283_T_C,10601237_chr15_569691_G_A,0.682119928968,23.1557619988,23.8378819277,0.8552
436491_chr02_206283_T_C,4927418_chr08_97532_T_C,2.77525989178,32.5967441652,35.372004057,0.0108
436491_chr02_206283_T_C,11595615_chr16_472780_A_T,0.756868121423,23.3935131334,24.1503812548,0.7904
10548957_chr15_517411_C_G,392907_chr02_162699_A_G,0.290265942957,8.80214515859,9.09241110155,0.9993
10548957_chr15_517411_C_G,11595615_chr16_472780_A_T,0.276687299375,2.30321244286,2.57989974223,0.9995
10548957_chr15_517411_C_G,436491_chr02_206283_T_C,0.955652643584,24.8462026024,25.801855246,0.5987
8565637_chr13_242853_G_A,4927418_chr08_97532_T_C,1.92626374093,8.6350198234,10.5612835643,0.0747
8565637_chr13_242853_G_A,10548957_chr15_517411_C_G,0.48871078094,2.13290489622,2.62161567716,0.969
9614309_chr14_367096_G_A,10601237_chr15_569691_G_A,0.25448180532,0.0926714751969,0.347153280517,0.9997
9614309_chr14_367096_G_A,10548957_chr15_517411_C_G,0.300382800152,1.97989568296,2.28027848311,0.999
