snp1,snp2,LODi,LODa,LODf,perm_value
10898429_chr15_866883_A_C,3204595_chr05_312673_G_A,0.222608626887,4.13615465599,4.35876328287,0.3132
