snp1,snp2,LODi,LODa,LODf,perm_value
3380752_chr05_488830_G_A,6781921_chr11_203766_C_T,0.00462279789219,0.727198043452,0.731820841344,0.998
9615398_chr14_368185_C_T,6781921_chr11_203766_C_T,0.521371301315,0.713452754347,1.23482405566,0.3164
9615398_chr14_368185_C_T,3380752_chr05_488830_G_A,0.0673248019577,0.0801749614748,0.147499763432,0.9239
