snp1,snp2,LODi,LODa,LODf,perm_value
11827229_chr16_704394_G_C,4057556_chr07_318617_T_C,0.114769672007,0.149033769339,0.263803441346,0.9784
9805503_chr14_558290_A_T,4057556_chr07_318617_T_C,0.0224153887821,3.49877306095,3.52118844973,0.9997
9805503_chr14_558290_A_T,11827229_chr16_704394_G_C,0.401244433161,3.40169458936,3.80293902252,0.6882
10211396_chr15_179850_A_G,4057556_chr07_318617_T_C,1.15727086342,32.7495465634,33.9068174268,0.124
10211396_chr15_179850_A_G,11827229_chr16_704394_G_C,0.0473403620624,32.6977824553,32.7451228174,0.9975
10211396_chr15_179850_A_G,9805503_chr14_558290_A_T,2.07722976215,36.0963529625,38.1735827246,0.0102
