snp1,snp2,LODi,LODa,LODf,perm_value
4190849_chr07_451910_G_A,3932422_chr07_193483_G_A,1.05722142653,1.32052191698,2.37774334351,0.5302
2936451_chr05_44529_A_G,3932422_chr07_193483_G_A,0.265449573594,1.32247803775,1.58792761134,0.9998
2936451_chr05_44529_A_G,4190849_chr07_451910_G_A,0.269760745254,0.0850577909469,0.354818536201,0.9998
4788295_chr07_1049356_T_C,3932422_chr07_193483_G_A,0.29761513472,1.34297581299,1.64059094771,0.9994
2573556_chr04_1213553_G_A,3932422_chr07_193483_G_A,0.842515704219,1.74764286693,2.59015857115,0.7403
2573556_chr04_1213553_G_A,9800584_chr14_553371_G_C,0.898950407622,3.19667623908,4.0956266467,0.6815
4087865_chr07_348926_T_G,9800584_chr14_553371_G_C,0.395937597583,2.85994946259,3.25588706017,0.9944
4087865_chr07_348926_T_G,4788295_chr07_1049356_T_C,0.260358667092,0.184612743991,0.444971411083,0.9999
9735032_chr14_487819_C_T,3932422_chr07_193483_G_A,1.07863287084,16.6376678071,17.7163006779,0.5132
9735032_chr14_487819_C_T,9800584_chr14_553371_G_C,0.229895594459,15.9456723222,16.1755679167,0.9999
9735032_chr14_487819_C_T,2573556_chr04_1213553_G_A,2.43490804731,16.2298740592,18.6647821065,0.0246
9735032_chr14_487819_C_T,4087865_chr07_348926_T_G,0.396580226125,15.8495530107,16.2461332368,0.9944
